Question,short_names
What programming language(s) do you regularly use?,regular_programming_language
What type(s) of applications do you develop?,type_of_apps
Do you want to learn a programming language(s)?,want_new_lang
What is your main programming language?,main_programming_language
How long have you been programming in Java?,java_experience
Which version(s) of Java do you regularly use?,java_version
What application server(s) do you regularly use, if any?,application_server
Which framework(s) do you use, if any?,framework
Which build system(s) do you regularly use, if any?,build_system
Which version(s) of Java EE (EE4J) do you regularly use, if any?,java_ee_version
Which IDE / editor do you use the most?,ide_editor
What IDE features do you use?,ide_features
Which database(s) do you regularly use, if any?,database
Which Continuous Integration (CI) system(s) do you regularly use?,ci
Do you plan to adopt / migrate to any other language(s) in the next 12 months? If so, to which one(s)?,migrate_programming_language
How much time per week do you spend on learning new tools/technologies/programming languages?,learning_time_weekly
How do you feel about the time you spend on learning new tools/technologies/programming languages?,learning_time_feel
What skills and knowledge do you consider areimportantfor success in yourposition?,important_skills
What skills and knowledge would you like tolearn or improve?,skills_to_improve
What skills and knowledge do you consider are important for success in yourposition?,important_skills_java
What skills and knowledge wouldyou like tolearn or improve?,skills_to_improve_java
Which of the following have you used to learn new tools / technologies / programming languages?,learning_ways
What kind of learning content do you prefer?,pref_learning_content
What usually motivates you to start learning new things?,learning_motivation
Do you contribute to open source projects ?,contribute_oss
What are your purposes or goals when contributing to open source projects?,contribute_oss_goals
What platform(s) do you use to find open source projects?,contribute_oss_find_projects
Could you tell us your age range?,age
What country do you live in?,country
What is your main employment status?,employment_status
Which of the following best describes your job role(s) regardless of your position level?,job_role
How long have you been working in IT?,it_experience
What is the level of your position?,position_level
How long have you held a management position?,management_experience
Which of the following best describes the highest level of formal education that youve completed ?,education
What kind of development does your company do?,company_kind_of_development
What is the total number of people that work for your company / organization?,company_size
Is IT your companys core business?,company_is_it
In which of the following sectors is your company primarily active?,company_it_sector
In which of the following sectors is your company primarily active?,company_non_it_sector
Do you intend to move to a new industry?,want_switch_industry
Which of the following industries wouldyou like to move to?,switch_industry_to
