<TemplatesExport family="Live Templates">
  <Template uid="8a367719-ffce-4eae-9dcb-17d517539a3b" shortcut="attachedProperty" description="Attached property" text="public static readonly DependencyProperty $propertyName$Property = &#xD;&#xA;		DependencyProperty.RegisterAttached(&#xD;&#xA;			&quot;$propertyName$&quot;,&#xD;&#xA;			typeof ($type$),&#xD;&#xA;			typeof ($containingType$),&#xD;&#xA;			new PropertyMetadata($propertyMetaDataValue$)&#xD;&#xA;			);&#xD;&#xA;&#xD;&#xA;		public static void Set$propertyName$($elementType$ $elementName$, $type$ value)&#xD;&#xA;		{&#xD;&#xA;			$elementName$.SetValue($propertyName$Property, value);&#xD;&#xA;		}&#xD;&#xA;&#xD;&#xA;		public static $type$ Get$propertyName$($elementType$ $elementName$)&#xD;&#xA;		{&#xD;&#xA;			return ($type$) $elementName$.GetValue($propertyName$Property);&#xD;&#xA;		}" reformat="True" shortenQualifiedReferences="True">
    <Context>
      <CSharpContext context="Everywhere" minimumLanguageVersion="2.0" />
    </Context>
    <Categories />
    <Variables>
      <Variable name="propertyName" expression="" initialRange="0" />
      <Variable name="type" expression="complete()" initialRange="0" />
      <Variable name="containingType" expression="typeName()" initialRange="0" />
      <Variable name="propertyMetaDataValue" expression="complete()" initialRange="0" />
      <Variable name="elementType" expression="completeSmart()" initialRange="0" />
      <Variable name="elementName" expression="complete()" initialRange="0" />
    </Variables>
    <CustomProperties />
  </Template>
  <Template uid="322ae561-00a8-4907-a65d-71522f7675b8" shortcut="dependencyProperty" description="Dependency property" text="public $type$ $name$&#xD;&#xA;    {&#xD;&#xA;      get { return ($type$) GetValue($name$Property); }&#xD;&#xA;      set { SetValue($name$Property, value); }&#xD;&#xA;    }&#xD;&#xA;&#xD;&#xA;    public static readonly System.Windows.DependencyProperty $name$Property =&#xD;&#xA;      System.Windows.DependencyProperty.Register(&quot;$name$&quot;, typeof ($type$), typeof ($containingType$),&#xD;&#xA;                                  new System.Windows.PropertyMetadata($defaultValue$));" reformat="True" shortenQualifiedReferences="True">
    <Context>
      <CSharpContext context="Everywhere" minimumLanguageVersion="2.0" />
    </Context>
    <Categories />
    <Variables>
      <Variable name="type" expression="complete()" initialRange="0" />
      <Variable name="name" expression="" initialRange="0" />
      <Variable name="containingType" expression="typeName()" initialRange="0" />
      <Variable name="defaultValue" expression="completeSmart()" initialRange="0" />
    </Variables>
    <CustomProperties />
  </Template>
</TemplatesExport>